{
    "$schema": "https://json-schema.org/draft/2020-12/schema",
    "$id": "https://example.com/product.schema.json",
    "title": "Sensors schema",
    "description": "Sensors schema",
    "type": "object",
    "properties": {
        "sensor_timeout": {
            "description": "Timeout in seconds for the sensor to be considered unreachable.",
            "type": "number"
        },
        "check_cooldown": {
            "description": "Time between sensor checks",
            "type": "number"
        },
        "send_alarm_to_mails": {
            "description": "List of alarm mail recipients.",
            "type": "array",
            "items": {
                "type": "string"
            }
        },
        "sensors": {
            "description": "List of objects representing a sensor.",
            "type": "array",
            "items": {
                "properties": {
                    "name": {
                        "type": "string"
                    },
                    "ip": {
                        "type": "string"
                    },
                    "protocol": {
                        "type": "string"
                    },
                    "min": {
                        "type": "number"
                    },
                    "max": {
                        "type": "number"
                    }
                }
            }
        }
    }
}
